Supplier,City,Item_Category,Month, Cost ,  Revenue  , Unit_Price ,Units_Available,Units_Sold
Bantam Books,Annapolis,Art & Architecture,Feb,38136,47670,105,655,454
Bantam Books,Annapolis,Art & Architecture,Mar,11919,19866,51,291,388
Bantam Books,Annapolis,Art & Architecture,Apr,2879,4112,NA,541,298
Bantam Books,Annapolis,Art & Architecture,May,99754,142506,305,302,468
Bantam Books,Annapolis,Art & Architecture,Jun,1705,2436,21,1063,116
Bantam Books,Annapolis,Art & Architecture,Aug,2883,4804,16,1211,306
Bantam Books,Annapolis,Art & Architecture,Oct,39676,66126,155,1165,428
Bantam Books,Annapolis,Art & Architecture,Dec,1561,2602,57,726,46
Bantam Books,Annapolis,Art & Architecture,Jan,2782,3974,14,84,289
Bantam Books,Annapolis,Art & Architecture,May,9968,19936,NA,207,394
Bantam Books,Annapolis,Art & Architecture,Jun,1333,NA,16,1140,136
Bantam Books,Annapolis,Art & Architecture,Jul,87891,109863,234,1322,469
Bantam Books,Annapolis,Art & Architecture,Oct,4404,6292,13,1405,484
Bantam Books,Annapolis,Art & Architecture,Dec,2804,4674,12,729,399
Bantam Books,Annapolis,Business Administration,Aug,1830,NA,15,411,208
Bantam Books,Annapolis,Business Administration,Sep,2247,3745,NA,1293,274
Bantam Books,Annapolis,Business Administration,Oct,9613,19227,69,280,280
Bantam Books,Annapolis,Literature,Jun,32247,53744,132,413,406
Bantam Books,Annapolis,Literature,Oct,7571,12618,38,1479,335
Bantam Books,Annapolis,Literature,Nov,4738,7896,18,123,448
Bantam Books,Annapolis,Literature,Jan,8915,14858,36,830,414
Bantam Books,Annapolis,Literature,Feb,4126,5158,NA,272,341
Bantam Books,Annapolis,Literature,May,3010,3762,NA,567,285
Bantam Books,Annapolis,Sports & Health,Jan,2413,4022,12,920,325
Bantam Books,Annapolis,Sports & Health,Feb,70221,NA,438,1391,267
